link,name
https://www.ai.ch/themen/staat-und-recht/veroeffentlichungen/verwaltungs-und-gerichtsentscheide/ftw-simplelayout-filelistingblock/geschaftsbericht-2016-anhang.pdf/download,
https://www.ai.ch/themen/staat-und-recht/veroeffentlichungen/verwaltungs-und-gerichtsentscheide/ftw-simplelayout-filelistingblock/geschaftsbericht-2016-anhang.pdf/download,Verwaltungs- und Gerichtsentscheide 2016
https://www.ai.ch/themen/staat-und-recht/veroeffentlichungen/verwaltungs-und-gerichtsentscheide/ftw-simplelayout-filelistingblock/verwaltungs-und-gerichtsentscheide-2015/download,
https://www.ai.ch/themen/staat-und-recht/veroeffentlichungen/verwaltungs-und-gerichtsentscheide/ftw-simplelayout-filelistingblock/verwaltungs-und-gerichtsentscheide-2015/download,Verwaltungs- und Gerichtsentscheide 2015
https://www.ai.ch/themen/staat-und-recht/veroeffentlichungen/verwaltungs-und-gerichtsentscheide/ftw-simplelayout-filelistingblock/verwaltungs-und-gerichtsentscheide-2014/download,
https://www.ai.ch/themen/staat-und-recht/veroeffentlichungen/verwaltungs-und-gerichtsentscheide/ftw-simplelayout-filelistingblock/verwaltungs-und-gerichtsentscheide-2014/download,Verwaltungs- und Gerichtsentscheide 2014
https://www.ai.ch/themen/staat-und-recht/veroeffentlichungen/verwaltungs-und-gerichtsentscheide/ftw-simplelayout-filelistingblock/verwaltungs-und-gerichtsentscheide-2013/download,
https://www.ai.ch/themen/staat-und-recht/veroeffentlichungen/verwaltungs-und-gerichtsentscheide/ftw-simplelayout-filelistingblock/verwaltungs-und-gerichtsentscheide-2013/download,Verwaltungs- und Gerichtsentscheide 2013
https://www.ai.ch/themen/staat-und-recht/veroeffentlichungen/verwaltungs-und-gerichtsentscheide/ftw-simplelayout-filelistingblock/verwaltungs-und-gerichtsentscheide-2012.pdf/download,
https://www.ai.ch/themen/staat-und-recht/veroeffentlichungen/verwaltungs-und-gerichtsentscheide/ftw-simplelayout-filelistingblock/verwaltungs-und-gerichtsentscheide-2012.pdf/download,Verwaltungs- und Gerichtsentscheide 2012
https://www.ai.ch/themen/staat-und-recht/veroeffentlichungen/verwaltungs-und-gerichtsentscheide/ftw-simplelayout-filelistingblock/verwaltungs-und-gerichtsentscheide-2011.pdf/download,
https://www.ai.ch/themen/staat-und-recht/veroeffentlichungen/verwaltungs-und-gerichtsentscheide/ftw-simplelayout-filelistingblock/verwaltungs-und-gerichtsentscheide-2011.pdf/download,Verwaltungs- und Gerichtsentscheide 2011
https://www.ai.ch/themen/staat-und-recht/veroeffentlichungen/verwaltungs-und-gerichtsentscheide/ftw-simplelayout-filelistingblock/verwaltungs-und-gerichtsentscheide-2010.pdf/download,
https://www.ai.ch/themen/staat-und-recht/veroeffentlichungen/verwaltungs-und-gerichtsentscheide/ftw-simplelayout-filelistingblock/verwaltungs-und-gerichtsentscheide-2010.pdf/download,Verwaltungs- und Gerichtsentscheide 2010
https://www.ai.ch/themen/staat-und-recht/veroeffentlichungen/verwaltungs-und-gerichtsentscheide/ftw-simplelayout-filelistingblock/verwaltungs-und-gerichtsentscheide-2009.pdf/download,
https://www.ai.ch/themen/staat-und-recht/veroeffentlichungen/verwaltungs-und-gerichtsentscheide/ftw-simplelayout-filelistingblock/verwaltungs-und-gerichtsentscheide-2009.pdf/download,Verwaltungs- und Gerichtsentscheide 2009
https://www.ai.ch/themen/staat-und-recht/veroeffentlichungen/verwaltungs-und-gerichtsentscheide/ftw-simplelayout-filelistingblock/verwaltungs-und-gerichtsentscheide-2008.pdf/download,
https://www.ai.ch/themen/staat-und-recht/veroeffentlichungen/verwaltungs-und-gerichtsentscheide/ftw-simplelayout-filelistingblock/verwaltungs-und-gerichtsentscheide-2008.pdf/download,Verwaltungs- und Gerichtsentscheide 2008
https://www.ai.ch/themen/staat-und-recht/veroeffentlichungen/verwaltungs-und-gerichtsentscheide/ftw-simplelayout-filelistingblock/verwaltungs-und-gerichtsentscheide-2007.pdf/download,
https://www.ai.ch/themen/staat-und-recht/veroeffentlichungen/verwaltungs-und-gerichtsentscheide/ftw-simplelayout-filelistingblock/verwaltungs-und-gerichtsentscheide-2007.pdf/download,Verwaltungs- und Gerichtsentscheide 2007
https://www.ai.ch/themen/staat-und-recht/veroeffentlichungen/verwaltungs-und-gerichtsentscheide/ftw-simplelayout-filelistingblock/verwaltungs-und-gerichtsentscheide-2006.pdf/download,
https://www.ai.ch/themen/staat-und-recht/veroeffentlichungen/verwaltungs-und-gerichtsentscheide/ftw-simplelayout-filelistingblock/verwaltungs-und-gerichtsentscheide-2006.pdf/download,Verwaltungs- und Gerichtsentscheide 2006
https://www.ai.ch/themen/staat-und-recht/veroeffentlichungen/verwaltungs-und-gerichtsentscheide/ftw-simplelayout-filelistingblock/verwaltungs-und-gerichtsentscheide-2005.pdf/download,
https://www.ai.ch/themen/staat-und-recht/veroeffentlichungen/verwaltungs-und-gerichtsentscheide/ftw-simplelayout-filelistingblock/verwaltungs-und-gerichtsentscheide-2005.pdf/download,Verwaltungs- und Gerichtsentscheide 2005
https://www.ai.ch/themen/staat-und-recht/veroeffentlichungen/verwaltungs-und-gerichtsentscheide/ftw-simplelayout-filelistingblock/verwaltungs-und-gerichtsentscheide-2004.pdf/download,
https://www.ai.ch/themen/staat-und-recht/veroeffentlichungen/verwaltungs-und-gerichtsentscheide/ftw-simplelayout-filelistingblock/verwaltungs-und-gerichtsentscheide-2004.pdf/download,Verwaltungs- und Gerichtsentscheide 2004
https://www.ai.ch/themen/staat-und-recht/veroeffentlichungen/verwaltungs-und-gerichtsentscheide/ftw-simplelayout-filelistingblock/verwaltungs-und-gerichtsentscheide-2003.pdf/download,
https://www.ai.ch/themen/staat-und-recht/veroeffentlichungen/verwaltungs-und-gerichtsentscheide/ftw-simplelayout-filelistingblock/verwaltungs-und-gerichtsentscheide-2003.pdf/download,Verwaltungs- und Gerichtsentscheide 2003
https://www.ai.ch/themen/staat-und-recht/veroeffentlichungen/verwaltungs-und-gerichtsentscheide/ftw-simplelayout-filelistingblock/verwaltungs-und-gerichtsentscheide-2002.pdf/download,
https://www.ai.ch/themen/staat-und-recht/veroeffentlichungen/verwaltungs-und-gerichtsentscheide/ftw-simplelayout-filelistingblock/verwaltungs-und-gerichtsentscheide-2002.pdf/download,Verwaltungs- und Gerichtsentscheide 2002
https://www.ai.ch/themen/staat-und-recht/veroeffentlichungen/verwaltungs-und-gerichtsentscheide/ftw-simplelayout-filelistingblock/verwaltungs-und-gerichtsentscheide-2001.pdf/download,
https://www.ai.ch/themen/staat-und-recht/veroeffentlichungen/verwaltungs-und-gerichtsentscheide/ftw-simplelayout-filelistingblock/verwaltungs-und-gerichtsentscheide-2001.pdf/download,Verwaltungs- und Gerichtsentscheide 2001
https://www.ai.ch/themen/staat-und-recht/veroeffentlichungen/verwaltungs-und-gerichtsentscheide/ftw-simplelayout-filelistingblock/verwaltungs-und-gerichtsentscheide-2000.pdf/download,
https://www.ai.ch/themen/staat-und-recht/veroeffentlichungen/verwaltungs-und-gerichtsentscheide/ftw-simplelayout-filelistingblock/verwaltungs-und-gerichtsentscheide-2000.pdf/download,Verwaltungs- und Gerichtsentscheide 2000
https://www.ai.ch/themen/staat-und-recht/veroeffentlichungen/verwaltungs-und-gerichtsentscheide/ftw-simplelayout-filelistingblock/verwaltungs-und-gerichtsentscheide-1999.pdf/download,
https://www.ai.ch/themen/staat-und-recht/veroeffentlichungen/verwaltungs-und-gerichtsentscheide/ftw-simplelayout-filelistingblock/verwaltungs-und-gerichtsentscheide-1999.pdf/download,Verwaltungs- und Gerichtsentscheide 1999
https://www.ai.ch/themen/staat-und-recht/veroeffentlichungen/verwaltungs-und-gerichtsentscheide/ftw-simplelayout-filelistingblock/verwaltungs-und-gerichtsentscheide-1998.pdf/download,
https://www.ai.ch/themen/staat-und-recht/veroeffentlichungen/verwaltungs-und-gerichtsentscheide/ftw-simplelayout-filelistingblock/verwaltungs-und-gerichtsentscheide-1998.pdf/download,Verwaltungs- und Gerichtsentscheide 1998
https://www.ai.ch/themen/staat-und-recht/veroeffentlichungen/verwaltungs-und-gerichtsentscheide/ftw-simplelayout-filelistingblock/gerichtsentscheide-1997.pdf/download,
https://www.ai.ch/themen/staat-und-recht/veroeffentlichungen/verwaltungs-und-gerichtsentscheide/ftw-simplelayout-filelistingblock/gerichtsentscheide-1997.pdf/download,Gerichtsentscheide 1997
https://www.ai.ch/themen/staat-und-recht/veroeffentlichungen/verwaltungs-und-gerichtsentscheide/ftw-simplelayout-filelistingblock/gerichtsentscheide-1996.pdf/download,
https://www.ai.ch/themen/staat-und-recht/veroeffentlichungen/verwaltungs-und-gerichtsentscheide/ftw-simplelayout-filelistingblock/gerichtsentscheide-1996.pdf/download,Gerichtsentscheide 1996
https://www.ai.ch/themen/staat-und-recht/veroeffentlichungen/verwaltungs-und-gerichtsentscheide/ftw-simplelayout-filelistingblock/gerichtsentscheide-1995.pdf/download,
https://www.ai.ch/themen/staat-und-recht/veroeffentlichungen/verwaltungs-und-gerichtsentscheide/ftw-simplelayout-filelistingblock/gerichtsentscheide-1995.pdf/download,Gerichtsentscheide 1995
